Image,cell_area_mean,cell_area_std,cell_perimeter_mean,cell_perimeter_std,cell_circularity_mean,cell_circularity_std,fus_intensity_mean,fus_intensity_std,fus_intensity_max,fus_nuclear_ratio,fus_cytoplasm_ratio,nucleus_area_mean,nucleus_area_std,nucleus_intensity_mean,nucleus_eccentricity_mean,cell_count,cell_density,texture_contrast,texture_homogeneity,texture_energy,texture_correlation,inclusion_body_count,inclusion_body_area_mean,fus_aggregation_score,spatial_dispersion,nearest_neighbour_dist,image_snr,background_intensity,focus_score,channel_overlap_ratio,Diagnosis
Case14_74,575.1715,71.6185,109.3891,20.853,0.5903,0.0827,157.1582,30.57,262.5975,0.3661,0.4143,198.461,44.2373,157.6472,0.5937,51,0.0573,54.6941,0.3561,0.1181,0.8505,3,31.6071,0.6255,0.37,33.0211,16.8862,33.9075,0.8278,0.7366,1
Case19_19,377.3581,112.6384,99.8625,15.3475,0.6585,0.0775,164.3748,37.323,234.0559,0.4057,0.4476,205.2186,36.311,202.2037,0.3494,33,0.0839,49.7261,0.4326,0.136,0.6839,2,25.9028,0.6887,0.3313,24.2176,18.1998,28.6009,0.8554,0.8418,1
Control19_119,459.9976,106.7987,96.1516,8.646,0.6845,0.1032,130.3896,47.9475,192.572,0.5424,0.3116,168.4497,36.6548,244.7962,0.688,34,0.0878,39.4184,0.5776,0.0654,0.8039,1,15.7359,0.477,0.6432,19.319,15.7215,39.9823,0.8866,0.7424,0
Case19_79,457.3409,98.5409,127.847,19.2986,0.6949,0.0816,124.5634,41.3586,290.5627,0.4279,0.4765,191.0186,24.5325,218.3864,0.7621,43,0.0579,38.0126,0.4751,0.1673,0.7387,1,18.9387,0.8166,0.3901,17.2977,15.6186,38.2108,0.9049,0.7769,1
Case17_77,456.9638,121.9284,108.0848,9.8623,0.5312,0.1216,164.1693,45.0264,407.5631,0.6556,0.3885,163.9211,33.5027,282.0204,0.4353,29,0.0745,54.6303,0.4595,0.1165,0.782,4,28.0015,0.9085,0.4906,22.9628,15.9726,29.5392,0.8957,0.7503,1
Case12_32,598.1823,94.2853,81.5412,13.2223,0.7424,0.0633,245.8405,38.5074,204.6608,0.4012,0.3732,179.2741,39.8657,154.8153,0.5818,32,0.0627,45.5024,0.6148,0.0564,0.6673,2,25.1192,0.5296,0.2955,20.6486,21.9589,31.5966,0.906,0.6714,1
Case5_65,515.0021,110.5419,105.3522,15.1161,0.563,0.1106,176.8593,43.5042,289.3148,0.3856,0.6237,163.9402,48.4347,243.179,0.7222,43,0.091,47.3891,0.5003,0.1406,0.5988,5,27.1412,0.6656,0.4828,18.3567,20.6797,20.2044,0.9036,0.6732,1
Control2_142,471.5,105.21,81.6077,15.6117,0.6204,0.1001,126.2335,28.6597,220.1371,0.8802,0.4771,168.2207,34.8668,205.5166,0.5668,36,0.0734,33.0474,0.4438,0.1381,0.5498,1,24.9073,0.3612,0.5655,18.2525,18.8133,39.5927,0.8839,0.6893,0
Case9_69,478.9309,105.4391,96.4651,18.4967,0.4079,0.0916,178.5945,44.011,239.5459,0.6028,0.3937,201.2836,29.2723,235.4167,0.5589,33,0.0882,46.1155,0.4387,0.1229,0.738,2,31.8374,0.532,0.3713,17.1821,20.0315,25.0776,0.8546,0.7596,1
Control3_83,483.4526,121.3672,56.5133,17.6696,0.6733,0.0699,110.9907,58.1371,251.8649,0.7274,0.2586,164.4563,28.1252,211.6725,0.5056,31,0.1189,36.5783,0.4658,0.0933,0.5626,1,13.1595,0.319,0.5057,19.9413,12.8854,42.3104,0.8775,0.8929,0
Control11_111,245.686,92.1921,90.5394,19.4489,0.7248,0.0941,179.5218,17.0059,218.8738,0.6375,0.3237,210.919,51.8601,224.7814,0.42,35,0.0977,25.5952,0.5418,0.0953,0.6271,2,8.9509,0.2309,0.4012,17.3705,15.4465,26.5838,0.8864,0.8139,0
Case13_13,469.357,154.7579,107.3812,14.5014,0.6424,0.1412,188.7284,53.4877,240.4876,0.462,0.4783,116.3444,50.8978,230.8449,0.5837,47,0.0612,33.6712,0.52,0.0869,0.617,8,15.0288,0.5626,0.395,19.3905,18.4084,27.0543,0.9098,0.8337,1
Case17_37,466.7091,134.1971,82.6175,14.7671,0.6859,0.1067,144.2569,52.3028,372.2735,0.5802,0.6014,166.0615,28.8502,239.0038,0.5892,44,0.076,30.1268,0.4532,0.1042,0.6926,4,32.6354,0.5435,0.4626,21.5002,12.4141,32.6101,0.8992,0.7075,1
Case10_10,493.4048,139.6966,91.9671,12.0106,0.7397,0.104,255.7139,38.2939,376.2267,0.4683,0.6978,214.1964,45.1603,218.9296,0.6343,39,0.0608,50.3184,0.6051,0.1258,0.6823,5,30.7096,0.7178,0.3224,23.7811,21.0001,28.3404,0.8011,0.7497,1
Case20_20,337.0157,97.3879,93.0479,15.1209,0.6379,0.1262,186.7931,45.465,397.9832,0.3615,0.7354,196.402,30.1026,255.3508,0.5628,37,0.0581,39.8884,0.4899,0.1569,0.7641,7,47.532,0.7025,0.5464,13.4894,9.8603,25.2789,0.8557,0.6773,1
Case17_57,382.8626,135.4511,94.7223,15.038,0.6211,0.0944,191.9954,48.1277,371.9915,0.3078,0.6414,200.1772,49.1397,210.0482,0.5462,42,0.0693,36.5573,0.4956,0.1075,0.6756,7,22.1992,0.6526,0.487,20.6184,17.7065,30.7972,0.9232,0.7984,1
Control5_105,368.71,74.4189,76.5992,19.688,0.601,0.1184,160.9467,58.4202,244.1429,0.7009,0.3066,179.3137,37.1416,147.8945,0.4435,55,0.0758,29.7373,0.5433,0.0915,0.6616,2,13.0002,0.2144,0.5645,18.6281,18.4509,35.4554,0.9345,0.8159,0
Case10_70,398.3904,122.4562,83.4049,21.7569,0.7073,0.1113,129.9229,52.5065,347.9851,0.5008,0.4971,166.9354,34.7135,160.4297,0.622,29,0.0749,55.1024,0.4643,0.1589,0.7754,3,29.5916,0.5012,0.516,16.2257,18.5476,26.9292,0.787,0.7707,1
Case16_56,524.5024,91.8652,79.9621,15.5644,0.6247,0.0838,219.1054,31.6009,213.4697,0.3743,0.5867,172.7623,32.635,218.5317,0.5245,62,0.1003,40.3393,0.4439,0.1425,0.6515,3,42.902,0.6825,0.2697,16.3892,20.947,41.3413,0.8473,0.7849,1
Control13_133,305.6387,167.5805,78.7671,21.1639,0.7386,0.0802,151.9767,51.1832,210.3951,0.8054,0.2921,122.8678,34.2775,144.4651,0.3624,48,0.0988,32.3644,0.6594,0.142,0.5815,0,17.2266,0.399,0.6004,21.5975,11.2161,23.6624,0.915,0.7545,0
Case10_30,426.6645,201.6051,104.4252,23.5979,0.7075,0.1024,177.6987,50.5022,401.5788,0.6326,0.438,167.0514,38.1508,226.2821,0.6446,41,0.073,57.8276,0.4412,0.1144,0.7228,3,20.7344,0.7066,0.368,20.8385,17.8964,24.5579,0.9499,0.7737,1
Control8_128,340.3592,101.9935,90.2326,21.8543,0.7343,0.0945,143.6009,41.0166,213.5161,0.6878,0.4653,163.963,35.712,237.136,0.472,33,0.0995,22.4816,0.5457,0.0946,0.8255,1,18.053,0.2332,0.5299,18.3034,18.5964,43.0901,0.9236,0.7225,0
Case7_27,357.9205,120.3901,112.3717,20.8828,0.5408,0.0755,160.4377,26.4342,282.4096,0.3831,0.7385,216.5148,29.2768,254.9645,0.4737,43,0.0866,55.1776,0.5609,0.0919,0.7352,1,27.9861,0.6829,0.3201,21.8513,10.928,41.8987,0.9347,0.8425,1
Control9_129,386.9756,122.0941,94.7011,10.6071,0.6722,0.0897,158.4055,32.1141,165.5637,0.5701,0.3561,152.9795,46.8077,190.1194,0.3707,41,0.1198,35.7628,0.6166,0.1363,0.7258,0,11.7219,0.2688,0.5752,15.3547,22.8947,31.3742,0.9525,0.7361,0
Control12_132,384.7994,139.8639,57.5292,15.9236,0.6415,0.0794,89.9425,55.92,274.8443,0.6164,0.2738,162.673,41.9736,216.0422,0.5833,36,0.078,32.5836,0.4853,0.1582,0.717,2,14.3089,0.3216,0.5916,22.081,17.2869,31.6632,0.8648,0.7953,0
Control6_146,434.7276,99.2127,90.0361,15.4499,0.6592,0.103,166.5098,46.4047,153.1796,0.8305,0.3885,143.9449,35.0431,192.3482,0.5283,31,0.0971,46.4509,0.4732,0.1223,0.7576,1,28.8391,0.2651,0.6502,24.673,14.3368,29.7528,0.896,0.7436,0
Control9_109,398.0285,133.3146,83.4435,19.9723,0.5643,0.079,171.4866,51.8177,268.8653,0.7661,0.3791,210.1438,28.4486,204.1896,0.495,29,0.0721,36.3747,0.6141,0.1541,0.756,0,26.0486,0.2815,0.6715,17.8399,16.8111,28.2599,0.8709,0.6896,0
Control4_144,392.9244,145.4881,80.9306,19.6683,0.7118,0.1134,138.8447,45.1978,273.5791,0.6666,0.3907,183.7975,35.2545,155.1408,0.3949,39,0.0867,33.924,0.4683,0.1136,0.6718,1,15.7955,0.3066,0.4936,14.6225,15.2998,37.5236,0.9229,0.8187,0
Case6_46,392.4125,131.5595,98.4807,20.6946,0.5982,0.1111,142.547,41.1928,212.6833,0.4685,0.5969,238.1679,29.7786,252.806,0.7141,42,0.082,21.778,0.4563,0.2378,0.556,8,24.49,0.6218,0.3814,18.629,22.5247,36.5613,0.9025,0.8964,1
Case11_31,401.8635,138.77,94.8163,17.3604,0.4846,0.0936,160.568,38.5135,249.338,0.5178,0.5641,192.1119,43.6657,171.1337,0.6195,24,0.0865,45.3489,0.5785,0.0529,0.5209,4,28.5133,0.5158,0.3656,22.1463,11.4039,33.7619,0.9579,0.8638,1
Case3_23,455.4023,117.6869,82.7267,10.424,0.7706,0.1026,184.6539,42.7682,314.8577,0.3128,0.5274,168.2473,36.2012,236.236,0.5783,32,0.0746,39.3029,0.3953,0.0574,0.6871,1,42.4761,0.7996,0.5469,22.023,22.0141,29.7066,0.8848,0.7686,1
Case16_16,405.017,132.3834,95.3151,16.8952,0.6303,0.0759,189.7658,30.8033,348.6258,0.4341,0.5378,179.314,30.8705,213.5832,0.5338,47,0.0821,38.3271,0.312,0.1108,0.8031,1,42.2292,0.753,0.3278,17.8701,18.2955,39.2306,0.864,0.7324,1
Case6_66,558.4992,142.7691,88.9817,21.777,0.6285,0.0603,230.4041,45.6496,202.2457,0.5428,0.5219,177.284,24.7001,202.247,0.4886,41,0.0913,48.0151,0.5456,0.1755,0.7457,5,35.9954,0.7688,0.3972,32.7424,17.2337,31.5028,0.8359,0.7564,1
Case12_12,412.7416,143.6125,111.4817,18.1763,0.6156,0.0924,187.6703,13.5146,241.8902,0.5079,0.5306,176.4579,39.1743,221.4222,0.5653,41,0.1011,42.7712,0.6026,0.1345,0.8261,1,23.0072,0.7925,0.5264,22.4509,15.9574,28.0533,0.9389,0.7682,1
Case3_43,440.7481,126.4228,98.6745,18.3868,0.5992,0.0954,202.757,49.2763,248.0075,0.6513,0.7161,206.1389,33.6102,257.5565,0.5956,38,0.0586,41.6146,0.4835,0.143,0.6731,4,38.0247,0.8479,0.5591,29.8769,16.8212,21.6729,0.9154,0.7262,1
Control7_147,293.4135,146.988,86.3992,16.6506,0.7231,0.0867,159.5697,41.8036,105.0735,0.8355,0.3332,156.0665,41.0168,218.4668,0.4481,36,0.0717,43.6541,0.5088,0.1277,0.6634,0,15.8957,0.4515,0.458,14.6632,17.7086,30.0681,0.8547,0.7719,0
Case12_52,419.1934,136.8235,117.1303,27.5471,0.7101,0.0797,192.3219,13.0374,325.8441,0.5037,0.5296,194.6756,52.2025,204.2193,0.7295,30,0.0655,47.5774,0.6058,0.1073,0.6632,2,22.0063,0.8781,0.4078,19.2397,17.8164,38.5799,0.8569,0.7353,1
Case8_28,480.0558,163.606,106.8749,19.5563,0.6099,0.085,193.2024,37.7188,271.9149,0.554,0.7043,225.6395,49.2875,247.9011,0.6803,28,0.0771,50.9717,0.5873,0.1,0.7559,0,26.1769,0.6483,0.5232,19.2694,16.4552,27.6891,0.7946,0.7411,1
Case5_5,431.2677,128.7922,94.6865,15.3487,0.6531,0.071,186.6885,36.4969,282.6873,0.3923,0.533,190.1545,23.5749,186.1735,0.473,27,0.1031,34.1854,0.4999,0.1565,0.7645,1,18.5577,0.5768,0.3076,27.5812,14.5251,36.6742,0.9298,0.7617,1
Case13_33,448.9202,87.8732,96.1371,9.9678,0.6074,0.0976,129.3195,38.7836,275.1445,0.6657,0.5823,152.8889,45.6251,184.9313,0.6406,47,0.0776,41.5219,0.525,0.1018,0.7563,4,20.8703,0.3533,0.3717,21.4694,17.2506,25.1769,0.8271,0.6902,1
Control3_143,267.4762,102.3191,57.1907,20.3949,0.6663,0.1113,172.3604,35.9863,239.6622,0.5992,0.3428,160.5163,40.153,216.7773,0.6781,31,0.088,34.6855,0.6534,0.1222,0.7121,1,21.3202,0.3757,0.5206,16.295,20.8187,26.0523,0.8803,0.8724,0
Control6_86,344.877,139.0176,83.8047,18.237,0.7599,0.0947,105.2491,51.6409,160.0945,0.6754,0.4124,119.7433,40.2413,291.5881,0.6427,50,0.103,43.5723,0.5254,0.1642,0.7448,1,19.1252,0.1574,0.6533,21.8391,17.2258,30.0564,0.899,0.7675,0
Control7_87,444.0781,59.2457,86.1011,13.6979,0.6932,0.121,185.1019,53.8947,137.3708,0.6276,0.3659,135.4969,31.5232,208.7346,0.4061,49,0.0856,36.5251,0.4961,0.1019,0.7155,3,24.0263,0.3488,0.4592,19.8832,17.5209,31.2501,0.8336,0.712,0
Case17_17,368.9735,144.6618,105.2293,21.0708,0.6288,0.0893,201.2764,29.0532,242.958,0.4473,0.7013,150.0209,20.7855,202.1065,0.5594,23,0.0863,33.0377,0.53,0.0948,0.5985,2,33.2556,0.6535,0.5265,18.1985,18.4621,29.3455,0.8163,0.7138,1
Case11_11,412.9266,90.7595,91.7348,27.8236,0.6723,0.0785,169.2278,49.717,211.5875,0.4485,0.4358,219.5135,34.1355,207.8042,0.531,41,0.0903,32.8749,0.4145,0.1041,0.7125,3,37.6374,0.7368,0.3801,14.9385,23.0923,32.8705,0.8694,0.8035,1
Control2_82,404.9979,126.4938,74.8073,9.6924,0.631,0.0716,152.7637,46.2192,213.1389,0.7234,0.4534,155.2191,50.9247,160.9259,0.4914,44,0.1151,38.7055,0.5045,0.1063,0.7312,1,22.7149,0.4704,0.5045,12.4685,14.4805,37.8931,0.8429,0.752,0
Control14_134,413.1515,82.8655,90.6105,29.3535,0.5908,0.1109,159.4159,26.295,287.0827,0.614,0.4427,186.2816,37.1524,114.6337,0.5914,44,0.0781,40.855,0.5308,0.1287,0.8396,1,20.0439,0.4501,0.3999,22.2448,15.2934,38.2455,0.8192,0.8534,0
Control18_138,357.4557,137.6495,65.4388,13.7508,0.7788,0.0828,96.0688,39.7537,206.3889,0.4915,0.3881,143.9396,41.7415,189.8277,0.4437,36,0.1039,22.7154,0.6638,0.1228,0.6383,1,15.4424,0.2458,0.5433,14.6426,14.2612,33.3806,0.9017,0.7267,0
Case16_76,515.7522,152.6685,83.4898,8.9756,0.5578,0.1191,113.8661,30.5365,287.7944,0.2534,0.5464,212.5795,49.1655,217.354,0.7681,43,0.0888,34.2502,0.4572,0.1276,0.8654,6,25.0736,0.8112,0.4714,15.8493,19.8138,35.4907,0.7822,0.9183,1
Control10_110,374.7888,143.239,88.1733,15.8951,0.8288,0.1027,123.9429,38.7517,241.3614,0.7106,0.3273,201.8176,39.1435,201.7756,0.5199,48,0.0725,39.426,0.5115,0.0868,0.5704,2,13.8435,0.3489,0.6027,17.5535,14.6073,34.0303,0.8869,0.7127,0
Control17_97,400.7284,105.7516,61.4424,20.8854,0.7328,0.0958,193.9306,31.0372,261.3584,0.6024,0.4057,192.3055,35.9296,195.0072,0.5541,40,0.0871,32.0359,0.5901,0.1226,0.8033,0,18.1332,0.2541,0.5548,22.0548,23.965,26.183,0.9786,0.7935,0
Control6_106,408.2836,105.473,89.4742,15.9406,0.7524,0.0786,151.8046,52.0982,179.5689,0.4915,0.2642,203.4624,41.5817,166.326,0.5578,47,0.0794,41.8362,0.4257,0.1724,0.7489,2,14.1703,0.2141,0.6472,18.0165,23.7958,31.1034,0.94,0.8039,0
Case7_67,444.2392,96.8152,98.3614,20.5046,0.5996,0.0953,156.3263,66.0342,273.8826,0.4557,0.5567,189.9594,46.2604,199.4194,0.507,44,0.0666,35.3924,0.4773,0.1147,0.8604,4,43.2263,0.6841,0.5562,30.1049,17.0815,32.1047,0.9533,0.6721,1
Case1_1,489.7371,127.5148,82.5651,17.6866,0.6806,0.0715,192.9036,35.7444,286.8873,0.333,0.6278,197.389,53.2095,139.0787,0.6139,36,0.0672,27.7262,0.5109,0.1036,0.5674,2,6.9835,0.5186,0.3858,22.3849,17.5642,24.0744,0.8737,0.7331,1
Control3_123,478.1956,154.8949,79.0124,19.6346,0.6156,0.0624,139.2694,43.042,216.8276,0.6379,0.4327,147.5658,29.4181,198.103,0.5795,46,0.0961,37.0835,0.5466,0.079,0.7593,1,19.9889,0.2348,0.5578,18.2807,9.2866,28.7509,0.8736,0.731,0
Case8_68,530.2826,112.8954,95.1889,13.1122,0.7403,0.1078,243.0329,41.4238,230.2851,0.4769,0.6016,185.715,47.0136,129.8455,0.4668,33,0.0786,42.738,0.5164,0.1401,0.7215,3,34.0326,0.555,0.4558,21.4346,20.2038,23.9354,0.907,0.8389,1
Case9_29,401.9489,112.0603,104.3618,33.3944,0.6245,0.0885,234.7933,57.0076,333.0134,0.3894,0.5011,209.9493,37.2113,179.0849,0.6444,43,0.0949,44.5257,0.4206,0.1288,0.6792,3,35.9514,0.6727,0.4329,24.9843,15.7026,28.4884,0.9174,0.8156,1
Case1_41,509.0773,106.6046,82.6667,17.9601,0.5931,0.0986,135.1893,41.284,259.148,0.496,0.5472,197.6008,36.9717,242.0164,0.5948,51,0.1042,53.1369,0.5132,0.1242,0.7688,3,35.4897,0.4936,0.5103,18.4247,15.1462,29.6216,0.9734,0.7441,1
Case5_45,331.7182,125.1954,87.9344,25.6156,0.6003,0.0684,244.6323,49.3264,244.2897,0.4135,0.4898,183.7914,39.2789,224.0579,0.5599,31,0.0705,49.6359,0.2776,0.1352,0.7772,1,40.4704,0.7412,0.3777,22.5911,17.5416,38.28,0.9119,0.6897,1
Case1_61,411.6661,137.1267,102.7902,19.3523,0.5741,0.0863,202.4953,40.0932,310.708,0.5828,0.5479,213.2124,36.9255,145.6976,0.48,35,0.0791,47.8637,0.5304,0.1039,0.7454,6,22.2479,0.7375,0.4468,23.4027,17.5203,33.0212,0.8802,0.796,1
Control4_124,281.8704,120.307,93.6589,16.9045,0.762,0.0754,204.2681,41.3741,241.8926,0.6513,0.2899,170.449,39.914,201.906,0.5055,49,0.0866,30.6893,0.4516,0.1796,0.6914,0,18.8506,0.1737,0.5385,19.6471,19.7742,31.5701,0.8681,0.7674,0
Case5_25,406.4494,128.3007,79.9097,26.2248,0.7475,0.1024,221.8266,51.9627,269.8092,0.5971,0.5128,228.4613,39.3492,209.2516,0.582,29,0.055,65.5871,0.637,0.1191,0.5704,5,13.2207,0.5573,0.3905,27.9161,17.6078,27.5281,0.8531,0.8407,1
Case6_26,458.8738,144.8155,76.7872,16.7548,0.5791,0.0586,126.6885,37.0624,272.8599,0.4291,0.6589,170.3304,41.5355,194.4593,0.6292,29,0.0857,31.9923,0.4803,0.0927,0.6889,0,28.9565,0.6436,0.4921,17.7059,21.3148,27.9216,0.9296,0.7535,1
Case4_24,336.0201,130.2346,126.3858,24.8344,0.7276,0.1095,155.4958,29.1701,302.759,0.2886,0.4541,152.3277,32.8,217.7894,0.5563,38,0.0773,41.5482,0.5985,0.1025,0.8123,2,16.2061,0.5924,0.4069,26.0994,19.1062,27.917,0.8503,0.7606,1
Control15_95,352.5524,83.9911,96.1533,5.6418,0.7515,0.0933,109.9514,40.2693,223.6823,0.686,0.1373,139.0341,37.2931,166.2153,0.5352,25,0.0734,26.2829,0.5478,0.1297,0.6509,1,21.1866,0.3435,0.4793,17.4154,21.2758,32.4727,0.9473,0.7719,0
Case20_40,465.7489,74.5546,86.5441,22.4082,0.5164,0.0568,160.2572,40.0365,369.5618,0.3747,0.2628,172.2329,36.3351,227.2769,0.4479,49,0.0539,41.4283,0.5483,0.1315,0.7035,3,28.3984,0.6126,0.3474,21.3663,17.706,25.7287,0.9033,0.7613,1
Control16_96,277.554,109.965,76.3699,14.0155,0.6883,0.0998,131.567,42.1558,215.55,0.5914,0.2591,171.6743,35.0399,234.2361,0.467,54,0.1024,28.7219,0.4906,0.0856,0.8224,1,27.735,0.1874,0.3429,15.93,20.7103,38.3235,0.8169,0.784,0
Control18_118,298.1925,77.0958,83.3881,12.9596,0.7205,0.0967,125.4834,47.6391,206.2649,0.6855,0.2823,160.0752,33.0332,190.3002,0.5147,29,0.0599,25.1398,0.5758,0.1029,0.6595,1,14.4782,0.342,0.6704,19.2614,16.3596,35.068,0.8413,0.6852,0
Case8_48,534.5698,124.6118,73.888,17.0483,0.6157,0.1036,155.7832,22.018,237.6515,0.3528,0.5802,159.6677,31.0706,174.725,0.5054,49,0.0745,43.9016,0.3879,0.1717,0.6931,4,34.6131,0.8993,0.4736,20.9371,16.537,28.4655,0.8116,0.7605,1
Control18_98,398.2739,100.4001,98.2465,16.9848,0.6224,0.1391,159.2253,27.5995,206.9376,0.7028,0.5352,179.0306,50.7892,194.6745,0.5215,37,0.0871,23.7555,0.425,0.0303,0.7667,0,9.2345,0.1536,0.626,23.5095,24.8415,31.5158,0.9008,0.6027,0
Control14_114,552.4269,89.2684,97.3321,16.3699,0.7379,0.1259,119.3244,25.546,245.1015,0.5735,0.343,120.145,42.0068,191.3872,0.4838,55,0.0874,27.4132,0.5275,0.0883,0.6232,0,13.6279,0.2732,0.5657,19.1987,22.5303,39.3324,0.8117,0.7154,0
Case14_34,365.3831,134.4742,84.8426,19.0173,0.5858,0.1022,103.0418,62.7675,421.884,0.3894,0.5352,189.7308,40.297,244.4957,0.6333,30,0.0754,53.0121,0.4096,0.1337,0.6414,8,27.5053,0.7931,0.3962,30.5233,18.9564,26.643,0.9115,0.8699,1
Control19_139,436.9462,128.4298,61.5594,22.1517,0.8266,0.1018,146.7336,47.5005,202.532,0.5127,0.5356,173.9369,46.6863,179.1363,0.4874,53,0.0736,41.0543,0.7053,0.0861,0.7579,1,20.4115,0.2696,0.5767,23.8486,12.3374,18.8536,0.8457,0.7322,0
Control2_102,350.5548,147.5359,74.8075,17.2216,0.7834,0.0789,167.739,20.4661,264.6419,0.8032,0.4737,183.9805,35.3294,164.6504,0.5047,50,0.1046,47.1543,0.7385,0.1433,0.7884,1,22.5846,0.4116,0.5383,25.4793,17.8783,38.6483,0.8745,0.7722,0
Case3_63,361.4932,148.6201,93.3686,16.8053,0.6174,0.1189,186.8782,50.7007,309.6316,0.4956,0.3076,114.8199,44.3479,179.2343,0.6248,39,0.0852,40.1866,0.5516,0.0981,0.7125,3,38.6954,0.6979,0.3682,16.6789,12.8756,33.9456,0.8182,0.7241,1
Control5_85,323.4054,184.3183,72.8904,14.7408,0.6245,0.0893,139.8919,39.5584,184.6305,0.635,0.3886,187.3984,37.7888,232.1073,0.3431,53,0.0833,48.5997,0.5159,0.1463,0.7051,0,21.3582,0.3448,0.4906,19.4966,16.2577,32.5801,0.8875,0.6955,0
Control9_149,416.5359,144.3859,75.8336,15.7785,0.6672,0.1141,184.2962,44.2391,158.4905,0.7422,0.4569,195.1282,47.0084,140.6184,0.5049,46,0.1053,39.9766,0.5074,0.13,0.7111,4,20.0333,0.4397,0.6666,15.6376,14.9802,38.0082,0.8658,0.638,0
Case14_54,498.9341,151.6141,92.6009,20.8148,0.5315,0.0808,230.5318,40.6041,300.5731,0.5219,0.4673,213.291,45.3532,197.6815,0.6008,40,0.0673,31.293,0.4679,0.1299,0.6573,1,13.3215,0.4793,0.5559,31.2195,20.927,41.6245,0.8391,0.7256,1
Case6_6,431.269,98.5695,96.7599,14.0356,0.7701,0.1426,181.6253,35.2838,282.2325,0.1909,0.5047,171.138,25.3269,264.9775,0.7278,40,0.0981,46.8117,0.5636,0.1046,0.6132,3,30.1084,0.9554,0.3203,29.5402,12.9553,25.3374,0.9065,0.7663,1
Control14_94,357.0636,145.9727,103.9775,25.2078,0.7531,0.0976,119.5405,43.2558,257.7321,0.5333,0.4314,197.5326,37.1231,200.3324,0.4109,40,0.1112,29.7833,0.4851,0.1143,0.7536,0,13.0712,0.241,0.6832,22.2365,13.0723,34.631,0.9071,0.6905,0
Control12_112,378.144,118.2142,68.5043,28.377,0.7032,0.0597,145.928,64.9094,256.7995,0.5398,0.2093,185.7796,55.8504,190.192,0.5684,32,0.0987,27.8394,0.5055,0.1017,0.6973,0,11.0581,0.352,0.6191,24.8856,12.2694,37.6816,0.8843,0.8278,0
Case10_50,308.9568,85.7109,91.7983,11.086,0.6757,0.0906,188.5169,45.4649,194.4257,0.3843,0.6727,185.3875,41.4176,180.2039,0.4321,25,0.0676,37.5729,0.4636,0.1286,0.8158,0,21.6799,0.6457,0.3612,14.0962,17.4755,21.2716,0.876,0.7248,1
Case16_36,352.3325,141.42,92.7941,10.8887,0.4876,0.1116,162.4281,46.3004,370.1514,0.4799,0.3905,215.6304,40.892,230.5234,0.5284,41,0.0725,36.3689,0.4375,0.105,0.7557,1,44.9645,0.8057,0.4159,23.8855,21.7875,32.1962,0.8629,0.7198,1
Control1_81,364.623,98.089,71.9233,21.193,0.7605,0.0631,163.574,45.2136,226.0093,0.6777,0.3681,158.743,45.7188,223.2493,0.5048,42,0.0825,37.3726,0.6112,0.1461,0.816,0,22.7508,0.2988,0.54,24.4802,17.3843,43.1539,0.8947,0.782,0
Case18_78,426.0794,87.6677,97.7501,18.2404,0.7602,0.0795,95.1642,34.4572,301.6325,0.3397,0.6665,204.2417,36.3262,259.5579,0.5966,34,0.0998,48.2811,0.4607,0.1264,0.7642,6,37.2049,0.6074,0.4759,27.7238,13.2853,33.7069,0.8706,0.6775,1
Case15_35,515.8036,113.2961,109.6268,14.2182,0.539,0.1012,195.4005,45.8194,235.7979,0.5242,0.5034,144.6288,33.1005,248.125,0.5481,34,0.0814,51.8682,0.639,0.0376,0.7247,3,34.8208,0.6818,0.3245,33.9538,18.6693,41.1976,0.8365,0.716,1
Control15_115,366.5347,112.423,85.9878,24.0061,0.7074,0.0777,192.0789,52.2257,220.4659,0.5978,0.3338,158.1103,23.5915,204.2877,0.4824,39,0.0892,38.7057,0.6783,0.1567,0.7511,0,16.2479,0.2395,0.6306,18.7649,19.0663,33.9253,0.7939,0.7209,0
Case8_8,511.3948,134.215,86.1264,12.8238,0.5204,0.0937,206.1189,53.7273,243.5404,0.4892,0.6455,219.5279,42.0698,335.5099,0.6375,34,0.0904,42.0304,0.4819,0.1131,0.5962,4,17.1343,0.7253,0.5388,34.5082,16.0937,41.1758,0.8044,0.7421,1
Case4_44,425.9117,82.6278,87.3959,13.6936,0.4997,0.0645,176.5288,42.5195,224.1884,0.4637,0.5043,139.6206,38.7428,238.3322,0.602,31,0.0883,42.5222,0.5247,0.1265,0.7379,1,31.1334,0.6342,0.6373,22.144,15.8368,26.5032,0.929,0.7849,1
Case11_71,478.9116,189.4398,95.3677,9.653,0.7197,0.0797,184.4837,53.0553,340.0221,0.5038,0.6294,195.3932,29.1544,212.3973,0.6689,41,0.0941,48.3406,0.4635,0.0984,0.6185,2,33.196,0.8547,0.5236,26.3681,18.0326,25.4021,0.8915,0.9261,1
Control19_99,380.3579,172.9636,80.6255,19.8557,0.7747,0.0772,122.8646,57.9451,232.0327,0.7614,0.3519,170.3083,42.4874,183.5237,0.4687,51,0.1021,35.1249,0.5248,0.1144,0.7096,1,13.8766,0.412,0.4689,15.3429,14.4719,37.3326,0.9317,0.6859,0
Control1_121,435.3722,163.2382,106.729,18.0921,0.7315,0.0865,155.6851,49.5893,222.5492,0.7577,0.3602,166.2209,22.1656,228.7889,0.4913,43,0.0935,29.4258,0.5305,0.0626,0.6813,0,14.6101,0.2561,0.6183,18.1755,12.8488,34.1137,0.8357,0.786,0
Control4_84,343.7211,100.452,75.6909,11.9449,0.7443,0.0746,138.5687,46.5353,263.0516,0.5975,0.3556,156.511,33.2603,212.6915,0.6298,41,0.0803,37.4905,0.4771,0.1487,0.6306,2,7.8439,0.3496,0.7052,16.8396,18.2218,17.0459,0.9045,0.7934,0
Control15_135,315.6403,183.991,100.0283,18.9093,0.782,0.1036,125.5044,32.1037,226.69,0.6702,0.3199,167.3083,59.1547,175.7312,0.4231,45,0.0852,37.6805,0.533,0.0704,0.7233,1,25.2183,0.3363,0.5828,18.3538,16.857,27.5178,0.9614,0.7894,0
Control16_136,488.4954,61.4374,82.8891,19.2411,0.7431,0.1269,187.2196,51.4077,204.8311,0.7339,0.3137,124.1886,25.9762,152.2751,0.5785,38,0.0869,37.5292,0.529,0.0912,0.7554,2,22.6525,0.2004,0.6204,16.5005,19.6388,32.2615,0.7996,0.7929,0
Control10_90,415.9287,145.573,75.0772,15.1155,0.7411,0.0857,140.8066,49.0117,123.1199,0.7161,0.3578,212.8972,37.8844,133.0823,0.5671,39,0.0641,38.1834,0.5627,0.1082,0.7315,3,24.3265,0.2683,0.6797,24.7064,18.4395,21.1499,0.8662,0.8864,0
Case9_9,412.442,84.2609,103.2065,15.2318,0.4777,0.0728,202.5919,47.436,202.8567,0.3021,0.5588,149.8037,25.3505,252.2423,0.5504,17,0.0902,44.9504,0.4519,0.1554,0.8066,4,16.8245,0.6088,0.4468,11.7102,23.053,33.5733,0.8955,0.7397,1
Case14_14,296.9376,95.3795,107.2026,19.0699,0.53,0.0881,235.2109,24.6029,329.2208,0.3527,0.3633,161.7653,45.1747,235.8086,0.4898,29,0.0642,44.2985,0.3681,0.1404,0.6082,4,31.47,0.8488,0.3897,24.5344,10.138,36.0996,0.7788,0.7593,1
Control20_120,432.6353,123.9222,82.8102,16.2424,0.706,0.1302,152.725,50.5342,211.5863,0.69,0.4534,180.4416,34.2233,227.4175,0.5002,56,0.0791,40.005,0.4151,0.1281,0.8524,0,22.3037,0.3269,0.543,15.5631,15.8364,39.9264,0.8743,0.7763,0
Control6_126,533.3319,133.8631,98.4236,6.9443,0.6971,0.1259,153.0897,39.1932,131.104,0.7083,0.4472,128.0394,30.6449,183.9375,0.6257,58,0.0978,19.299,0.6693,0.1232,0.7792,0,25.3786,0.0967,0.5787,20.6696,19.4143,29.2617,0.916,0.8176,0
Case4_4,571.8424,126.9676,104.1556,20.5202,0.7285,0.1111,224.7458,44.6067,309.8814,0.5259,0.5497,169.405,25.8903,183.8493,0.6813,37,0.0739,45.5065,0.5619,0.1266,0.871,4,14.1396,0.8968,0.4976,23.8978,17.7048,32.2752,0.8761,0.7202,1
Case18_18,475.1398,176.9038,90.346,21.7875,0.6781,0.1254,186.5313,53.6083,295.3447,0.3567,0.6131,164.8568,32.2468,203.9491,0.4905,40,0.0831,47.8602,0.5508,0.0934,0.4934,4,34.6245,0.5686,0.5707,31.6623,17.8729,29.953,0.8968,0.7928,1
Case19_39,343.7451,94.5962,101.194,26.4357,0.5168,0.0886,188.533,39.4096,311.2941,0.4532,0.433,188.4986,37.7342,184.3407,0.4685,33,0.0714,34.7997,0.6043,0.1084,0.643,4,27.6949,0.7058,0.4796,18.1979,21.4385,40.3678,0.8227,0.6848,1
Case13_73,447.1339,140.5878,116.7672,14.6869,0.5926,0.136,209.4225,48.3873,219.9228,0.4135,0.5794,202.1643,35.5357,264.4263,0.5512,41,0.0662,42.7544,0.4659,0.1142,0.7362,4,25.7869,0.6672,0.5274,26.6343,12.7749,28.3822,0.8285,0.8649,1
Control17_137,325.1723,115.4464,101.5434,15.7032,0.7279,0.1017,103.227,32.1751,192.3969,0.5223,0.264,156.3421,40.0299,177.2151,0.5211,42,0.1047,38.7541,0.6833,0.1163,0.7961,1,22.9012,0.2979,0.5971,15.0784,15.7489,31.5912,0.8678,0.794,0
Case7_7,576.337,175.9732,114.165,17.4648,0.5581,0.0999,132.405,41.7445,241.3905,0.3954,0.6196,185.0538,40.137,124.573,0.4989,45,0.0585,18.2783,0.4916,0.0985,0.7589,1,48.5593,0.7255,0.2938,20.7532,18.3588,36.5595,0.8567,0.6888,1
Control13_113,384.2161,22.762,63.5906,22.3556,0.6719,0.121,202.2578,28.1043,282.5593,0.6312,0.4295,167.1121,43.1044,208.6663,0.5906,31,0.0987,39.7778,0.6717,0.1041,0.6959,0,17.8619,0.3685,0.5043,17.5452,17.7455,23.6171,0.9562,0.7195,0
Control1_101,280.924,82.1735,62.8669,18.4329,0.6734,0.0775,181.9807,32.0861,189.9359,0.6778,0.3335,89.3095,43.5756,223.8784,0.6643,54,0.099,27.738,0.5629,0.1562,0.6634,1,25.7416,0.3184,0.4671,18.3471,25.5346,34.5536,0.9286,0.7046,0
Case3_3,501.8151,99.5993,106.2094,13.0714,0.6896,0.0705,181.0061,46.9403,286.7264,0.5041,0.4682,185.8315,32.3327,173.7707,0.5017,26,0.0698,58.8387,0.641,0.0869,0.6869,3,37.1416,0.6909,0.4451,15.6275,14.1857,33.7379,0.8399,0.7448,1
Case4_64,354.3035,139.5417,101.0257,13.4622,0.5765,0.0939,204.8151,46.9568,229.363,0.6665,0.6384,205.4227,24.0117,172.4039,0.6826,41,0.0594,41.9413,0.4295,0.1427,0.6777,2,37.4605,0.6454,0.159,26.9761,25.9131,45.6695,0.9138,0.8769,1
Case15_55,532.48,78.6699,94.7148,14.7468,0.8259,0.0813,177.1247,53.0818,347.5218,0.5496,0.5274,192.2946,46.0047,134.2554,0.4666,53,0.0882,36.3809,0.4741,0.0745,0.8588,5,15.5522,0.6797,0.3984,15.8236,15.0835,34.5327,0.8533,0.6786,1
Control7_127,310.6625,125.9718,70.4209,19.1781,0.7113,0.0796,141.1401,25.0704,177.7299,0.6391,0.3097,147.8705,17.7577,216.552,0.6336,41,0.0969,37.7972,0.6373,0.1579,0.5673,3,31.3241,0.3688,0.4533,21.2346,21.171,29.7624,0.8321,0.8371,0
Case11_51,475.9267,130.7336,99.6636,22.6309,0.7679,0.1088,171.5567,51.9801,298.1984,0.3453,0.54,190.5189,32.8302,182.9929,0.5642,46,0.0643,25.111,0.6204,0.1186,0.6103,4,22.9652,0.6901,0.4543,21.6945,14.0124,37.5916,0.8839,0.86,1
Control16_116,401.1083,82.5665,73.0182,15.9596,0.7872,0.0822,145.9373,66.3975,160.9674,0.703,0.6374,141.3891,33.6586,174.6034,0.5413,58,0.0956,24.0629,0.607,0.1122,0.7401,1,15.2758,0.3285,0.506,16.9799,22.0987,31.0126,0.7833,0.6637,0
Case7_47,413.1489,93.4843,73.2787,12.8138,0.4042,0.0892,126.6066,42.7864,281.8746,0.3153,0.4502,149.9901,48.1257,208.9391,0.4359,41,0.0824,36.5397,0.4993,0.0575,0.8127,4,29.1547,0.5606,0.3978,27.8877,16.2079,37.6224,0.9249,0.7456,1
Control20_140,293.8395,101.319,81.3334,13.7196,0.781,0.1122,171.4129,32.3166,227.6687,0.7636,0.2539,202.5326,38.7839,245.8364,0.5749,54,0.0918,39.8998,0.5389,0.1924,0.6986,2,13.6682,0.3105,0.5636,17.0274,16.2107,29.9894,0.8378,0.8062,0
Case2_62,435.1473,154.067,117.9911,17.7488,0.5763,0.0812,226.5203,44.1743,284.1803,0.5056,0.4753,176.3886,44.4865,179.491,0.6022,52,0.0891,31.7608,0.4157,0.1308,0.6934,3,15.4953,0.7615,0.4108,27.0805,20.8095,37.7319,0.9611,0.7363,1
Control8_148,287.568,129.219,70.7214,13.1062,0.6571,0.0929,92.7082,47.5249,262.0444,0.7588,0.4387,142.7113,37.7659,157.485,0.4136,35,0.0831,24.5022,0.4914,0.0827,0.663,0,24.3,0.2634,0.5777,27.467,12.0176,32.6528,0.8375,0.7911,0
Case20_80,290.9945,140.3879,82.8755,13.4784,0.7217,0.0844,206.6145,45.2876,262.9986,0.4223,0.469,235.1455,31.553,190.3346,0.5806,44,0.0884,37.6846,0.5184,0.1496,0.7001,3,34.0734,0.6834,0.5184,22.1731,18.4481,34.6734,0.8653,0.7496,1
Case20_60,528.0436,235.5819,82.5915,13.8452,0.6085,0.0721,195.6698,61.1403,276.9327,0.4249,0.5229,150.7641,40.0826,247.5028,0.6302,45,0.0851,53.4739,0.5298,0.1577,0.6883,1,28.753,0.631,0.4908,20.3669,23.8032,21.1767,0.8613,0.832,1
Control12_92,447.8051,116.5579,87.903,12.3515,0.7912,0.1035,78.748,55.7571,332.185,0.7556,0.0871,160.273,38.0514,180.6751,0.557,48,0.0813,33.2556,0.511,0.106,0.7808,0,20.5016,0.423,0.4755,22.3613,18.0743,27.3697,0.8623,0.8013,0
Case2_42,463.7095,145.692,98.6553,25.3997,0.7535,0.0942,210.536,41.6278,268.8031,0.3822,0.7272,165.7529,22.9452,240.1717,0.5846,45,0.0987,37.8843,0.5171,0.0561,0.7326,5,29.4785,0.8895,0.431,18.9505,16.1883,30.9862,0.9422,0.8222,1
Case19_59,476.5011,135.4514,99.8408,18.2426,0.6358,0.1151,199.9419,35.7623,241.2243,0.4177,0.6993,176.021,40.3095,236.3698,0.6953,42,0.0855,50.0736,0.3896,0.1065,0.6238,1,16.0868,0.5109,0.4071,23.0871,14.0737,37.1643,0.857,0.7416,1
Control11_91,386.7954,96.2244,71.219,22.1785,0.6847,0.089,146.2515,39.0244,237.486,0.7097,0.2535,162.0754,42.3703,170.685,0.3922,51,0.0908,49.4745,0.5917,0.1499,0.5746,2,17.4281,0.2675,0.4976,20.3157,17.0386,34.4206,0.9479,0.7185,0
Case9_49,477.4895,121.7463,84.2233,13.6219,0.6015,0.0906,178.4045,51.1633,292.8582,0.57,0.6266,195.4172,45.7557,203.4773,0.5707,43,0.0662,52.8007,0.5109,0.1114,0.754,5,23.4224,0.4814,0.5393,19.3957,19.3793,29.2058,0.89,0.8593,1
Control9_89,342.9168,100.1464,93.4051,23.0315,0.7598,0.1097,133.3711,47.974,170.3485,0.6942,0.2755,191.6086,34.2093,194.1049,0.4857,45,0.0914,26.7398,0.5181,0.0708,0.5639,2,22.5607,0.1779,0.5738,16.995,20.5408,34.3772,0.8513,0.7054,0
Control8_108,392.2204,98.7699,80.2914,15.8372,0.8328,0.0994,159.0552,64.5244,219.5896,0.6843,0.4962,191.6805,28.9859,225.6036,0.5484,46,0.1084,42.122,0.4917,0.1129,0.7658,0,18.4546,0.2708,0.4923,18.5808,16.17,34.2186,0.9197,0.8538,0
Control5_125,421.08,90.5547,89.7445,22.147,0.722,0.0893,191.8263,34.4604,222.9013,0.5794,0.5186,144.2108,54.5927,173.3822,0.4681,55,0.1039,26.9316,0.5463,0.1473,0.7088,1,11.1936,0.4133,0.5237,19.6681,18.2156,38.4903,0.8916,0.6702,0
Case2_22,431.9379,95.5257,103.9274,6.4904,0.6577,0.0788,144.072,46.7704,297.0401,0.6212,0.6082,168.9953,38.6148,92.3845,0.6506,34,0.0955,28.9627,0.4395,0.1338,0.6829,4,23.1046,0.7752,0.468,21.0266,19.4503,45.1143,0.8487,0.7234,1
Case18_58,425.263,135.4136,90.6701,13.68,0.6181,0.0804,195.9864,31.4658,303.046,0.6001,0.4697,236.9965,35.9996,177.3165,0.5514,36,0.0816,22.1499,0.4193,0.0861,0.7364,3,29.6001,0.7544,0.3451,17.9198,14.6762,21.3979,0.8794,0.681,1
Control5_145,398.1918,130.7105,66.3464,23.1877,0.7462,0.1176,134.8212,26.0701,262.7299,0.7888,0.2544,170.9695,42.9726,231.3689,0.6494,44,0.125,37.6709,0.5652,0.0914,0.7546,1,16.7776,0.3603,0.7488,16.6474,13.2797,27.4314,0.8603,0.7623,0
Control10_130,344.7567,108.4406,60.8951,23.7188,0.6555,0.1138,109.3162,30.9641,246.9968,0.6106,0.4267,145.6122,53.6668,179.2434,0.6006,47,0.0752,32.8924,0.5243,0.126,0.6871,0,18.1746,0.2302,0.697,14.1251,19.8658,28.1916,0.8087,0.8346,0
Case18_38,293.2264,117.8151,90.1792,12.5923,0.6259,0.0992,204.7925,44.3879,249.5526,0.6062,0.4967,186.0348,38.8685,230.6471,0.7194,35,0.0904,40.1732,0.5074,0.1617,0.7336,1,7.9133,0.6829,0.4008,14.0218,18.337,32.6339,0.8398,0.8289,1
Control1_141,395.9222,113.7563,86.6088,18.3578,0.5811,0.1064,190.5178,43.0538,227.2258,0.6003,0.3522,112.4952,40.4644,206.4361,0.5285,28,0.0811,26.8665,0.5707,0.1655,0.7877,3,23.0732,0.3066,0.4148,23.2194,23.8526,38.749,0.8911,0.7676,0
Case2_2,438.9389,130.3934,86.5973,22.7757,0.5462,0.063,166.2331,45.958,256.3827,0.2698,0.4949,189.7739,37.5147,260.4769,0.4988,50,0.0807,25.0807,0.5673,0.145,0.6512,2,23.8288,0.7054,0.3902,22.6204,17.0383,19.2579,0.9284,0.8299,1
Case13_53,395.8462,152.4915,107.8649,11.0072,0.5985,0.0919,136.1961,62.8837,170.3445,0.5686,0.4622,199.0416,28.4509,178.3032,0.5819,34,0.077,36.2817,0.4427,0.1029,0.6969,3,32.1805,0.7876,0.4756,30.4229,17.7033,38.5035,0.906,0.8003,1
Control11_131,271.4536,123.4055,67.8009,19.6925,0.7237,0.1405,132.2787,43.7989,288.8838,0.715,0.3936,125.6231,28.1636,195.0185,0.4652,36,0.0976,40.4331,0.4307,0.1279,0.7129,2,23.9392,0.4646,0.4566,23.0707,15.7286,36.6599,0.8939,0.7526,0
Control4_104,323.8406,150.974,82.5638,19.2721,0.6114,0.1138,120.5919,28.7691,185.9915,0.8842,0.2781,113.7423,40.9571,184.3696,0.4165,32,0.0824,43.2446,0.4797,0.1656,0.8056,0,9.4916,0.2888,0.455,13.7037,13.4366,28.299,0.8927,0.8039,0
Control20_100,363.5789,132.1495,96.8538,14.9801,0.6971,0.0794,157.1775,33.5304,234.4764,0.6519,0.2845,193.0293,35.6362,200.4317,0.559,41,0.0958,42.2182,0.5711,0.0711,0.7664,1,7.3234,0.2899,0.6178,16.6962,16.9938,34.1672,0.9534,0.8175,0
Control17_117,377.5702,168.9723,100.6138,7.8094,0.718,0.0957,120.4575,55.8427,172.0699,0.8003,0.3769,225.7864,31.6977,109.6414,0.4851,40,0.0922,41.7854,0.5837,0.1306,0.7045,2,23.9414,0.2997,0.4184,19.318,21.2197,36.58,0.9335,0.6837,0
Control8_88,403.0126,125.5936,104.5141,16.0772,0.6838,0.07,166.3209,29.7239,242.8596,0.7947,0.317,135.1015,41.3925,177.1863,0.4987,45,0.0904,42.5305,0.4593,0.1131,0.8175,3,13.7968,0.2637,0.589,14.9591,19.2902,27.1702,0.8505,0.7451,0
Case15_75,240.4204,105.842,127.2977,14.1837,0.5074,0.0811,164.3836,58.3343,346.7204,0.3455,0.5966,151.9368,48.4825,89.2195,0.5048,37,0.0826,45.6879,0.4407,0.1228,0.6614,4,24.2091,0.6111,0.4344,18.1481,13.0594,35.8966,0.9234,0.746,1
Control2_122,316.3429,76.9241,103.0641,26.3822,0.5903,0.074,122.789,44.8119,243.8362,0.5951,0.2206,212.4614,43.9833,238.2646,0.4682,40,0.1328,39.6562,0.6092,0.1179,0.671,2,20.5393,0.2309,0.5204,22.0413,18.097,26.7694,0.9226,0.7295,0
Control10_150,400.7889,138.8889,69.2894,19.8865,0.6115,0.0737,181.4027,55.6414,209.8856,0.7033,0.5831,165.5967,37.5889,223.6261,0.5937,45,0.1202,45.6315,0.5123,0.1153,0.6483,1,15.9952,0.1724,0.4303,21.9998,16.2409,33.5875,0.8551,0.8867,0
Case1_21,567.2519,93.3146,96.4549,16.6247,0.5568,0.1042,217.5771,41.5308,214.6821,0.4327,0.6721,172.832,36.9499,233.7423,0.7971,40,0.0937,42.3441,0.6363,0.1009,0.816,4,24.8149,0.5137,0.3761,24.7539,18.7687,36.8865,0.8862,0.7482,1
Case12_72,573.0429,63.982,102.47,20.7168,0.4541,0.1182,156.1632,53.8703,313.5026,0.5573,0.4246,172.2136,36.2806,221.0951,0.5732,44,0.1135,49.1015,0.4203,0.1424,0.8562,5,25.0886,0.7769,0.4003,21.848,19.6832,31.352,0.8778,0.7244,1
Control7_107,512.033,158.0073,69.1886,15.562,0.6204,0.0734,166.8558,35.1185,221.2682,0.7178,0.361,161.1514,25.433,178.3323,0.6387,41,0.1323,26.2645,0.5444,0.148,0.6165,0,18.6564,0.2279,0.5879,14.3069,21.8599,38.7332,0.8255,0.822,0
Case15_15,312.0066,148.9013,114.5822,17.4384,0.8157,0.113,176.6647,38.3756,263.7778,0.5697,0.5417,218.9098,35.8518,232.2242,0.6467,43,0.0933,33.9419,0.5094,0.1323,0.6733,6,32.9187,0.7234,0.3497,21.3656,17.1546,31.1657,0.89,0.8666,1
Control13_93,330.8563,135.1496,66.1572,20.649,0.6343,0.0675,132.5847,40.4994,219.7268,0.6663,0.3893,166.9615,34.5089,176.6569,0.6819,49,0.0841,28.2189,0.5211,0.1392,0.7124,2,20.2918,0.2136,0.5407,20.0012,16.9823,28.9977,0.8228,0.7406,0
Control3_103,356.01,183.6647,82.0629,23.8389,0.6607,0.0773,141.7889,35.6104,212.1268,0.6717,0.2919,146.6859,47.385,171.9659,0.5776,51,0.0864,39.0863,0.5745,0.134,0.852,1,14.9918,0.2478,0.6102,21.2525,18.7326,29.5625,0.9409,0.6845,0
